Date,XOM,CVX
2020-01-02,95.00154113769531,54.63477325439453
2020-01-03,94.67295837402344,54.19554901123047
2020-01-06,94.3521728515625,54.61166763305664
2020-01-07,93.14735412597656,54.16472244262695
2020-01-08,92.08335876464844,53.347900390625
2020-01-09,91.93472290039062,53.75631332397461
2020-01-10,91.09757995605469,53.27854537963867
2020-01-13,91.26970672607422,53.78713607788086
2020-01-14,90.98806762695312,53.32477569580078
2020-01-15,90.85507202148438,53.24001693725586
2020-01-16,91.44965362548828,53.031959533691406
2020-01-17,90.42475128173828,52.83161163330078
2020-01-21,88.64881896972656,52.07642364501953
2020-01-22,88.32804870605469,51.77589797973633
2020-01-23,88.48451232910156,51.45225143432617
2020-01-24,87.50656127929688,51.10548400878906
2020-01-27,86.36432647705078,49.8879508972168
2020-01-28,86.9354476928711,49.818599700927734
2020-01-29,86.34869384765625,49.40248489379883
2020-01-30,87.1545181274414,49.926483154296875
2020-01-31,83.82168579101562,47.86901092529297
2020-02-03,83.14886474609375,46.79789352416992
2020-02-04,83.59481048583984,46.21224594116211
2020-02-05,86.27827453613281,48.33906555175781
2020-02-06,85.66022491455078,47.68406677246094
2020-02-07,85.22990417480469,47.36812973022461
2020-02-10,85.89492797851562,46.86786651611328
2020-02-11,87.00586700439453,47.31340408325195
2020-02-12,87.65522766113281,47.8918342590332
2020-02-13,87.35794067382812,47.62607192993164
2020-02-14,87.12838745117188,47.407203674316406
2020-02-18,87.25503540039062,46.80533981323242
2020-02-19,87.6507797241211,47.16489791870117
2020-02-20,86.91466522216797,46.789703369140625
2020-02-21,86.28147888183594,46.21909713745117
2020-02-24,82.8780288696289,44.05392837524414
2020-02-25,79.71202850341797,42.36555480957031
2020-02-26,77.5987319946289,41.435386657714844
2020-02-27,74.50394439697266,38.94191360473633
2020-02-28,73.87867736816406,40.20819091796875
2020-03-02,76.45105743408203,42.11541748046875
2020-03-03,74.7097396850586,40.09876251220703
2020-03-04,77.98655700683594,40.974212646484375
2020-03-05,76.92594909667969,39.1685905456543
2020-03-06,75.44583129882812,37.27699279785156
2020-03-09,63.8503532409668,32.71995544433594
2020-03-10,67.26173400878906,33.9315185546875
2020-03-11,65.71829223632812,32.813751220703125
2020-03-12,60.35983657836914,29.061830520629883
2020-03-13,66.0269775390625,29.79659080505371
2020-03-16,55.16759490966797,26.959184646606445
2020-03-17,55.951194763183594,28.77262306213379
2020-03-18,43.57210922241211,25.888317108154297
2020-03-19,45.424224853515625,26.912288665771484
2020-03-20,47.00722122192383,25.591291427612305
2020-03-23,42.915164947509766,24.582963943481445
2020-03-24,52.674381256103516,27.701751708984375
2020-03-25,54.827239990234375,29.147808074951172
2020-03-26,60.4548225402832,30.34373664855957
2020-03-27,54.43941116333008,28.882051467895508
2020-03-30,56.948463439941406,29.311954498291016
2020-03-31,57.35213088989258,29.67933464050293
2020-04-01,54.26527404785156,29.335407257080078
2020-04-02,60.2490234375,31.57875633239746
2020-04-03,59.44961166381836,30.648584365844727
2020-04-06,63.62873458862305,31.633464813232422
2020-04-07,64.0482177734375,32.23533630371094
2020-04-08,68.05323028564453,34.27545166015625
2020-04-09,66.7314224243164,33.71266174316406
2020-04-13,67.2063217163086,33.42344665527344
2020-04-14,66.96887969970703,33.165504455566406
2020-04-15,65.29088592529297,31.641279220581055
2020-04-16,63.3121337890625,30.60169219970703
2020-04-17,68.99510192871094,33.78301239013672
2020-04-20,66.14569091796875,32.18843460083008
2020-04-21,64.61811828613281,32.01646423339844
2020-04-22,66.83432006835938,32.93100357055664
2020-04-23,68.70225524902344,33.96278762817383
2020-04-24,68.86847686767578,34.181640625
2020-04-27,71.00550842285156,34.34579849243164
2020-04-28,71.1638412475586,35.15089797973633
2020-04-29,74.89178466796875,37.09721374511719
2020-04-30,72.81805419921875,36.32339096069336
2020-05-01,70.79182434082031,33.72047805786133
2020-05-04,72.37482452392578,35.080562591552734
2020-05-05,73.52247619628906,35.04146957397461
2020-05-06,71.27462768554688,34.384883880615234
2020-05-07,73.3246078491211,34.58028793334961
2020-05-08,75.5645980834961,36.09669876098633
2020-05-11,73.90242004394531,35.752777099609375
2020-05-12,72.10569763183594,35.15516662597656
2020-05-13,70.20610046386719,33.41015625
2020-05-14,71.27462768554688,33.704978942871094
2020-05-15,70.57019805908203,33.4659309387207
2020-05-18,74.32878875732422,36.12726974487305
2020-05-19,71.97565460205078,35.01173782348633
2020-05-20,74.69020080566406,36.15117263793945
2020-05-21,73.91919708251953,35.505767822265625
2020-05-22,72.50570678710938,35.53763198852539
2020-05-26,74.93115234375,36.581451416015625
2020-05-27,75.41301727294922,36.84440231323242
2020-05-28,72.97956848144531,35.88823699951172
2020-05-29,73.64615631103516,36.230857849121094
2020-06-01,74.52154541015625,36.87627410888672
2020-06-02,76.0474853515625,37.69698715209961
2020-06-03,78.04724884033203,39.23482131958008
2020-06-04,77.32442474365234,39.12327575683594
2020-06-05,80.96257019042969,42.2945671081543
2020-06-08,82.9141616821289,43.61725997924805
2020-06-09,81.54081726074219,42.64515686035156
2020-06-10,78.36849975585938,40.35831832885742
2020-06-11,71.77486419677734,36.79658889770508
2020-06-12,74.20028686523438,37.585426330566406
2020-06-15,73.26869201660156,37.5615234375
2020-06-16,75.51741790771484,38.40614318847656
2020-06-17,73.51764678955078,37.155155181884766
2020-06-18,73.83888244628906,37.38623809814453
2020-06-19,72.78681182861328,36.637229919433594
2020-06-22,73.55778503417969,36.98783493041992
2020-06-23,73.43734741210938,37.210933685302734
2020-06-24,70.38548278808594,35.457950592041016
2020-06-25,71.6463851928711,35.99181365966797
2020-06-26,69.43779754638672,34.75675964355469
2020-06-29,70.40958404541016,35.31452178955078
2020-06-30,71.66244506835938,35.63325500488281
2020-07-01,70.36941528320312,34.828468322753906
2020-07-02,70.92357635498047,35.1233024597168
2020-07-06,71.13236999511719,35.37031936645508
2020-07-07,69.31732177734375,34.4539794921875
2020-07-08,69.34945678710938,34.374298095703125
2020-07-09,66.45018005371094,32.95597839355469
2020-07-10,68.44996643066406,33.98386764526367
2020-07-13,68.58647155761719,33.9918327331543
2020-07-14,70.95568084716797,35.115325927734375
2020-07-15,71.38935852050781,35.5615348815918
2020-07-16,70.96372985839844,35.28264617919922
2020-07-17,70.02407836914062,34.67708206176758
2020-07-20,68.48207092285156,33.86433792114258
2020-07-21,73.3971939086914,35.577476501464844
2020-07-22,73.11608123779297,34.74879455566406
2020-07-23,73.09201049804688,34.82050323486328
2020-07-24,72.38525390625,34.605369567871094
2020-07-27,73.11608123779297,35.115325927734375
2020-07-28,71.56607055664062,34.70098876953125
2020-07-29,72.33706665039062,35.083457946777344
2020-07-30,69.28518676757812,33.36234664916992
2020-07-31,67.4139404296875,33.52967834472656
2020-08-03,68.11263275146484,33.66513442993164
2020-08-04,69.46186828613281,34.63724136352539
2020-08-05,70.03211212158203,34.940032958984375
2020-08-06,70.24893951416016,34.772705078125
2020-08-07,69.71086120605469,34.61334228515625
2020-08-10,72.06399536132812,35.46592330932617
2020-08-11,71.97565460205078,35.83245086669922
2020-08-12,72.85909271240234,35.82432556152344
2020-08-13,72.13628387451172,34.946800231933594
2020-08-14,72.56192779541016,35.10118103027344
2020-08-17,72.89924621582031,34.64616775512695
2020-08-18,71.39205169677734,34.47553634643555
2020-08-19,70.38184356689453,34.09364700317383
2020-08-20,69.09459686279297,33.57362365722656
2020-08-21,69.3145751953125,33.321739196777344
2020-08-24,71.04174041748047,34.30490493774414
2020-08-25,70.16999816894531,33.21611404418945
2020-08-26,69.07014465332031,32.509220123291016
2020-08-27,69.17608642578125,32.28984069824219
2020-08-28,69.76268005371094,33.06174087524414
2020-08-31,68.37767791748047,32.45234298706055
2020-09-01,67.68517303466797,32.03794860839844
2020-09-02,67.77479553222656,31.842947006225586
2020-09-03,67.03343200683594,31.77794647216797
2020-09-04,66.74826049804688,31.753562927246094
2020-09-08,64.33675384521484,31.022289276123047
2020-09-09,65.2003402709961,30.835418701171875
2020-09-10,63.6687126159668,30.06351089477539
2020-09-11,63.29395294189453,29.982261657714844
2020-09-14,62.96806335449219,29.78725242614746
2020-09-15,62.20225143432617,29.470367431640625
2020-09-16,64.00275421142578,30.721660614013672
2020-09-17,64.19012451171875,30.713529586791992
2020-09-18,63.71760940551758,30.2178897857666
2020-09-21,62.1615104675293,29.600366592407227
2020-09-22,61.53419876098633,28.86909294128418
2020-09-23,58.61756896972656,27.942808151245117
2020-09-24,58.49538040161133,27.885936737060547
2020-09-25,58.51982498168945,28.14594841003418
2020-09-28,60.230674743652344,28.690343856811523
2020-09-29,58.57685089111328,27.853439331054688
2020-09-30,58.65831756591797,27.894065856933594
2020-10-01,57.371089935302734,26.919031143188477
2020-10-02,57.99839782714844,26.797151565551758
2020-10-05,59.228599548339844,27.414674758911133
2020-10-06,58.902740478515625,27.130287170410156
2020-10-07,60.108489990234375,27.219667434692383
2020-10-08,61.28163528442383,28.649715423583984
2020-10-09,60.287715911865234,28.227197647094727
2020-10-12,60.70320510864258,28.1378231048584
2020-10-13,59.79890060424805,27.8046875
2020-10-14,59.4322624206543,27.747812271118164
2020-10-15,59.888511657714844,27.991565704345703
2020-10-16,59.383384704589844,27.707181930541992
2020-10-19,58.07172775268555,27.15465545654297
2020-10-20,58.397613525390625,27.38216781616211
2020-10-21,57.737709045410156,26.943403244018555
2020-10-22,59.79890060424805,28.32469940185547
2020-10-23,59.12268829345703,27.755931854248047
2020-10-26,57.79473114013672,27.0977840423584
2020-10-27,56.62971878051758,26.66714096069336
2020-10-28,54.4870491027832,25.651487350463867
2020-10-29,56.05128860473633,26.789026260375977
2020-10-30,56.6215705871582,26.504642486572266
2020-11-02,58.7805290222168,27.617801666259766
2020-11-03,58.44647979736328,27.14653778076172
2020-11-04,58.4709358215332,27.000280380249023
2020-11-05,58.77238082885742,26.9515323638916
2020-11-06,57.965824127197266,26.634647369384766
2020-11-09,64.68708038330078,30.00662612915039
2020-11-10,67.67701721191406,30.67233657836914
2020-11-11,67.18006134033203,30.356124877929688
2020-11-12,65.72177124023438,29.315959930419922
2020-11-13,67.6444320678711,30.023277282714844
2020-11-16,72.47560119628906,31.754108428955078
2020-11-17,71.95479583740234,32.178489685058594
2020-11-18,69.67315673828125,30.96358299255371
2020-11-19,70.871826171875,31.121694564819336
2020-11-20,70.92143249511719,30.738901138305664
2020-11-23,75.25325775146484,32.75266647338867
2020-11-24,79.04777526855469,34.93284606933594
2020-11-25,76.1708984375,33.95925521850586
2020-11-27,75.4847412109375,33.443328857421875
2020-11-30,72.0705337524414,31.729143142700195
2020-12-01,72.29373931884766,32.03702926635742
2020-12-02,74.2943115234375,33.23529815673828
2020-12-03,74.23643493652344,33.45997619628906
2020-12-04,77.11331939697266,34.683204650878906
2020-12-07,75.03008270263672,34.03414535522461
2020-12-08,75.67488098144531,35.149200439453125
2020-12-09,74.76553344726562,35.615196228027344
2020-12-10,77.17117309570312,36.622066497802734
2020-12-11,76.42717742919922,36.447322845458984
2020-12-14,73.93885803222656,35.132564544677734
2020-12-15,73.88096618652344,35.81490707397461
2020-12-16,73.31883239746094,36.364112854003906
2020-12-17,73.08737182617188,36.18104553222656
2020-12-18,72.07880401611328,35.556941986083984
2020-12-21,71.16944122314453,34.90788650512695
2020-12-22,69.73927307128906,34.317073822021484
2020-12-23,70.83877563476562,34.75810241699219
2020-12-24,70.54115295410156,34.61663818359375
2020-12-28,70.18567657470703,34.73313522338867
2020-12-29,69.94596099853516,34.34203338623047
2020-12-30,70.54115295410156,34.61663818359375
2020-12-31,69.81366729736328,34.30043029785156
2021-01-04,70.02861022949219,34.533416748046875
2021-01-05,71.9217300415039,36.19768142700195
2021-01-06,74.23643493652344,37.1213493347168
2021-01-07,74.58366394042969,37.412593841552734
2021-01-08,75.29461669921875,37.82866287231445
2021-01-11,75.72447967529297,38.97699737548828
2021-01-12,77.16292572021484,39.8424186706543
2021-01-13,77.08850860595703,40.29176330566406
2021-01-14,78.9403076171875,41.86449432373047
2021-01-15,76.12955474853516,39.850738525390625
2021-01-19,78.13015747070312,40.64126205444336
2021-01-20,78.84935760498047,41.21543884277344
2021-01-21,76.06341552734375,40.0338134765625
2021-01-22,75.83195495605469,39.467960357666016
2021-01-25,75.14579010009766,39.02692413330078
2021-01-26,73.87269592285156,38.16982650756836
2021-01-27,72.91374969482422,37.73713302612305
2021-01-28,73.59163665771484,38.327945709228516
2021-01-29,70.4336929321289,37.3127326965332
2021-02-01,71.4339828491211,37.37931442260742
2021-02-02,71.97132110595703,37.97012710571289
2021-02-03,73.54203796386719,39.45963668823242
2021-02-04,73.57510375976562,40.216880798339844
2021-02-05,73.7900390625,41.56492614746094
2021-02-08,75.62528228759766,43.35401153564453
2021-02-09,75.19540405273438,42.84625244140625
2021-02-10,76.48504638671875,43.260929107666016
2021-02-11,76.07169342041016,42.177703857421875
2021-02-12,76.50984191894531,42.75316619873047
2021-02-16,78.07759094238281,44.03947830200195
2021-02-17,80.41664123535156,44.724952697753906
2021-02-18,79.64533996582031,44.022560119628906
2021-02-19,80.31604766845703,44.31874084472656
2021-02-22,82.4874267578125,45.952030181884766
2021-02-23,83.5270004272461,46.58673095703125
2021-02-24,86.61221313476562,47.983062744140625
2021-02-25,85.80738830566406,47.18756866455078
2021-02-26,83.83719635009766,46.01126480102539
2021-03-01,85.55587005615234,47.729190826416016
2021-03-02,85.8828353881836,47.44992446899414
2021-03-03,86.84695434570312,47.83073043823242
2021-03-04,87.60989379882812,49.68405532836914
2021-03-05,91.382568359375,51.56275177001953
2021-03-08,92.01134490966797,51.51198196411133
2021-03-09,91.80175018310547,50.71649169921875
2021-03-10,93.36952209472656,52.273616790771484
2021-03-11,93.21859741210938,51.884334564208984
2021-03-12,93.5287857055664,52.442867279052734
2021-03-15,92.43052673339844,51.105770111083984
2021-03-16,90.24237823486328,50.02255630493164
2021-03-17,90.56932830810547,50.242584228515625
2021-03-18,87.29132080078125,48.07615661621094
2021-03-19,86.67089080810547,47.80534362792969
2021-03-22,85.96668243408203,47.314517974853516
2021-03-23,85.4887924194336,46.730594635009766
2021-03-24,87.77754974365234,47.67841720581055
2021-03-25,88.08775329589844,47.54301071166992
2021-03-26,90.10823822021484,48.83778762817383
2021-03-29,89.63872528076172,48.5754508972168
2021-03-30,88.80875396728516,47.97459030151367
2021-03-31,87.8530044555664,47.2468147277832
2021-04-01,88.6578598022461,48.56698226928711
2021-04-05,87.6182632446289,47.813812255859375
2021-04-06,86.83859252929688,47.67841720581055
2021-04-07,87.34999084472656,47.889976501464844
2021-04-08,86.36908721923828,47.39067840576172
2021-04-09,86.28526306152344,47.28065872192383
2021-04-12,85.32952117919922,46.96754837036133
2021-04-13,85.71515655517578,47.145263671875
2021-04-14,87.41706085205078,48.507747650146484
2021-04-15,86.7044448852539,48.22001266479492
2021-04-16,86.31879425048828,47.9492073059082
2021-04-19,86.57030487060547,47.7968864440918
2021-04-20,84.9522476196289,46.789833068847656
2021-04-21,86.1259536743164,47.39067840576172
2021-04-22,84.6336669921875,46.772911071777344
2021-04-23,85.13667297363281,47.02678298950195
2021-04-26,85.11153411865234,47.119876861572266
2021-04-27,86.10081481933594,47.737640380859375
2021-04-28,88.2135238647461,49.176292419433594
2021-04-29,89.6219711303711,49.87869644165039
2021-04-30,86.41101837158203,48.4400520324707
2021-05-03,88.47341918945312,49.77714157104492
2021-05-04,88.95966339111328,50.09025573730469
2021-05-05,91.34901428222656,51.59660339355469
2021-05-06,91.39933776855469,52.087432861328125
2021-05-07,92.23768615722656,52.83214569091797
2021-05-10,91.86042785644531,52.95908737182617
2021-05-11,89.45430755615234,51.275020599365234
2021-05-12,90.0160140991211,51.549781799316406
2021-05-13,89.43753051757812,50.91442108154297
2021-05-14,91.7765884399414,52.17654800415039
2021-05-17,92.90000915527344,53.39573669433594
2021-05-18,90.1080093383789,51.884620666503906
2021-05-19,87.5790786743164,50.6396598815918
2021-05-20,87.88459777832031,50.51946258544922
2021-05-21,88.35981750488281,50.58815002441406
2021-05-24,89.61579895019531,51.18058395385742
2021-05-25,88.14766693115234,50.021480560302734
2021-05-26,88.35981750488281,50.605323791503906
2021-05-27,87.4178466796875,50.27906036376953
2021-05-28,88.07977294921875,50.115928649902344
2021-06-01,90.5068588256836,51.91038131713867
2021-06-02,91.72040557861328,52.3224983215332
2021-06-03,91.30458068847656,52.528564453125
2021-06-04,92.03439331054688,52.76038360595703
2021-06-07,91.44034576416016,52.41694259643555
2021-06-08,92.27203369140625,53.34423065185547
2021-06-09,91.4658203125,53.79069137573242
2021-06-10,92.0004653930664,53.87655258178711
2021-06-11,91.5761489868164,53.378570556640625
2021-06-14,91.6270751953125,53.29271697998047
2021-06-15,93.60437774658203,55.23312759399414
2021-06-16,93.06973266601562,55.03564453125
2021-06-17,90.86328125,53.22402572631836
2021-06-18,87.43479919433594,51.85886764526367
2021-06-21,89.99768829345703,53.739173889160156
2021-06-22,90.29470825195312,54.76948928833008
2021-06-23,90.18436431884766,55.17302703857422
2021-06-24,90.92269897460938,55.39625930786133
2021-06-25,91.05847930908203,55.51646041870117
2021-06-28,88.2494888305664,54.099788665771484
2021-06-29,88.05430603027344,53.76493453979492
2021-06-30,88.8859634399414,54.159889221191406
2021-07-01,90.13346862792969,54.31443786621094
2021-07-02,90.0146484375,54.23716735839844
2021-07-06,88.2494888305664,52.69169235229492
2021-07-07,87.34994506835938,51.86745071411133
2021-07-08,87.06989288330078,51.63563537597656
2021-07-09,88.31739044189453,52.571502685546875
2021-07-12,88.49557495117188,52.51997756958008
2021-07-13,88.1985855102539,52.27098846435547
2021-07-14,86.53526306152344,51.11189270019531
2021-07-15,85.96668243408203,50.6139030456543
2021-07-16,83.69232940673828,49.21441650390625
2021-07-19,81.4349594116211,47.52298355102539
2021-07-20,81.9186782836914,48.04671859741211
2021-07-21,84.71068572998047,49.592185974121094
2021-07-22,83.86207580566406,49.03410720825195
2021-07-23,83.89600372314453,48.97400665283203
2021-07-26,85.66964721679688,50.21037673950195
2021-07-27,85.38111114501953,49.652286529541016
2021-07-28,85.86483001708984,49.987144470214844
2021-07-29,87.04442596435547,50.59674072265625
2021-07-30,86.39948272705078,49.42905807495117
2021-08-02,86.2467041015625,49.4376335144043
2021-08-03,87.06989288330078,49.969970703125
2021-08-04,85.1180419921875,48.802284240722656
2021-08-05,85.90726470947266,49.11137771606445
2021-08-06,86.51828002929688,49.67803955078125
2021-08-09,85.07559204101562,49.11137771606445
2021-08-10,86.62860107421875,49.95280075073242
2021-08-11,87.28204345703125,50.0987548828125
2021-08-12,87.10385131835938,49.98545455932617
2021-08-13,86.52677154541016,49.47993850708008
2021-08-16,85.64418029785156,48.75651931762695
2021-08-17,85.48295593261719,48.42531204223633
2021-08-18,83.16932678222656,47.405555725097656
2021-08-19,81.09654998779297,45.95872497558594
2021-08-20,81.10516357421875,45.967430114746094
2021-08-23,83.19512939453125,47.8587760925293
2021-08-24,84.14983367919922,48.25100326538086
2021-08-25,84.72607421875,48.33815383911133
2021-08-26,83.61658477783203,47.68446731567383
2021-08-27,84.837890625,48.608341217041016
2021-08-30,84.62286376953125,48.076683044433594
2021-08-31,83.22955322265625,47.51886749267578
2021-09-01,82.31787109375,46.86516571044922
2021-09-02,84.03801727294922,48.00695037841797
2021-09-03,83.84880065917969,47.82391357421875
2021-09-07,83.47898864746094,47.54500961303711
2021-09-08,82.90271759033203,47.10921096801758
2021-09-09,82.56727600097656,47.144081115722656
2021-09-10,82.62749481201172,47.04821014404297
2021-09-13,84.26164245605469,48.259708404541016
2021-09-14,82.73931121826172,47.57115936279297
2021-09-15,84.49385833740234,49.17488098144531
2021-09-16,83.70258331298828,48.65191650390625
2021-09-17,83.220947265625,48.076683044433594
2021-09-20,81.51799774169922,46.795448303222656
2021-09-21,81.57820892333984,46.751861572265625
2021-09-22,83.97781372070312,48.12025451660156
2021-09-23,86.05919647216797,49.75012969970703
2021-09-24,86.52365112304688,50.19462966918945
2021-09-27,88.56201934814453,51.68504333496094
2021-09-28,88.8974380493164,52.22542953491211
2021-09-29,88.87165832519531,52.19055938720703
2021-09-30,87.25471496582031,51.26668167114258
2021-10-01,89.73171997070312,53.1057243347168
2021-10-04,90.06714630126953,53.79428482055664
2021-10-05,91.04764556884766,53.70711898803711
2021-10-06,90.24774932861328,52.72223663330078
2021-10-07,90.892822265625,52.87039566040039
2021-10-08,92.93119812011719,54.19520568847656
2021-10-11,92.13993835449219,53.65483093261719
2021-10-12,92.15711975097656,53.375919342041016
2021-10-13,92.70758056640625,53.22774887084961
2021-10-14,93.5848617553711,54.03832244873047
2021-10-15,94.2729263305664,54.552555084228516
2021-10-18,94.22991943359375,54.52640914916992
2021-10-19,96.07048034667969,55.345703125
2021-10-20,97.32617950439453,55.650753021240234
2021-10-21,96.1048812866211,54.63971710205078
2021-10-22,97.0165786743164,55.01450729370117
2021-10-25,97.91963958740234,56.086551666259766
2021-10-26,98.1346664428711,57.38521194458008
2021-10-27,96.38870239257812,55.89479446411133
2021-10-28,97.29179382324219,56.05168533325195
2021-10-29,98.4700927734375,56.1911506652832
2021-11-01,98.5044937133789,57.20218276977539
2021-11-02,97.90243530273438,56.49620056152344
2021-11-03,97.19718170166016,55.720481872558594
2021-11-04,97.62721252441406,56.13884353637695
2021-11-05,98.68508911132812,56.67051696777344
2021-11-08,99.0377426147461,57.28062057495117
2021-11-09,99.76880645751953,57.83843231201172
2021-11-10,98.17765808105469,56.6989860534668
2021-11-11,98.18627166748047,56.80498123168945
2021-11-12,98.2464828491211,56.37216567993164
2021-11-15,100.47404479980469,56.857975006103516
2021-11-16,100.86971282958984,57.432125091552734
2021-11-17,100.41731262207031,56.80498123168945
2021-11-18,99.57337188720703,56.186668395996094
2021-11-19,97.36354064941406,53.58976364135742
2021-11-22,99.10356140136719,54.33174133300781
2021-11-23,101.18289947509766,55.7626838684082
2021-11-24,101.95723724365234,56.07183837890625
2021-11-26,99.62557983398438,54.102088928222656
2021-11-29,99.92137908935547,54.40240478515625
2021-11-30,98.19876098632812,52.85663604736328
2021-12-01,97.52883911132812,52.81246566772461
2021-12-02,100.1736831665039,54.12858581542969
2021-12-03,99.53858184814453,53.784095764160156
2021-12-06,101.0959243774414,54.393577575683594
2021-12-07,102.59233856201172,55.003047943115234
2021-12-08,103.05343627929688,55.16204071044922
2021-12-09,102.78374481201172,55.30337142944336
2021-12-10,102.95774841308594,55.65669250488281
2021-12-13,100.81748962402344,54.437740325927734
2021-12-14,101.11331176757812,54.35824203491211
2021-12-15,100.53910064697266,54.1197509765625
2021-12-16,101.47870635986328,54.208072662353516
2021-12-17,98.83387756347656,53.02445983886719
2021-12-20,98.87737274169922,52.255985260009766
2021-12-21,100.46080017089844,53.43960952758789
2021-12-22,101.0350112915039,53.87242889404297
2021-12-23,101.27861022949219,53.89892578125
2021-12-27,103.34925842285156,54.66739273071289
2021-12-28,103.14915466308594,54.4907341003418
2021-12-29,102.61843872070312,54.013755798339844
2021-12-30,102.16602325439453,53.695762634277344
2021-12-31,102.09642791748047,54.04909133911133
2022-01-03,103.75816345214844,56.12484359741211
2022-01-04,105.64608764648438,58.235923767089844
2022-01-05,106.33340454101562,58.96023178100586
2022-01-06,107.23823547363281,60.347015380859375
2022-01-07,108.77815246582031,60.84165573120117
2022-01-10,108.8477554321289,60.4795036315918
2022-01-11,111.33599090576172,63.023399353027344
2022-01-12,110.77919006347656,62.83790588378906
2022-01-13,110.3180923461914,62.387428283691406
2022-01-14,112.19733428955078,63.48271942138672
2022-01-18,112.56273651123047,64.55152130126953
2022-01-19,112.15382385253906,64.57801055908203
2022-01-20,111.75360870361328,64.71934509277344
2022-01-21,110.4137954711914,63.747703552246094
2022-01-24,110.64868927001953,64.29535675048828
2022-01-25,115.3554916381836,66.18561553955078
2022-01-26,115.4425048828125,65.5143051147461
2022-01-27,117.77411651611328,66.35345458984375
2022-01-28,113.6328353881836,66.4947738647461
2022-01-31,114.25924682617188,67.09541320800781
2022-02-01,117.26951599121094,71.39707946777344
2022-02-02,117.80892181396484,71.21158599853516
2022-02-03,116.75621795654297,70.38127899169922
2022-02-04,118.21784210205078,71.9094009399414
2022-02-07,120.5407943725586,72.77501678466797
2022-02-08,118.7050552368164,70.89359283447266
2022-02-09,119.87954711914062,70.5542221069336
2022-02-10,118.35704040527344,69.87547302246094
2022-02-11,120.76699829101562,71.63488006591797
2022-02-14,118.9051513671875,70.53636932373047
2022-02-15,118.0347671508789,69.65221405029297
2022-02-16,118.06995391845703,69.97372436523438
2022-02-17,117.46334838867188,69.8665542602539
2022-02-18,117.2962875366211,69.08956146240234
2022-02-22,116.39955139160156,68.28578186035156
2022-02-23,119.16889953613281,68.56263732910156
2022-02-24,118.5534896850586,67.69635772705078
2022-02-25,123.4151840209961,69.51824188232422
2022-02-28,126.59769439697266,70.0362319946289
2022-03-01,131.62646484375,70.70606231689453
2022-03-02,135.5122833251953,71.920654296875
2022-03-03,137.34092712402344,72.37614440917969
2022-03-04,139.47727966308594,75.1000747680664
2022-03-07,142.45758056640625,77.80615234375
2022-03-08,149.92156982421875,78.39556884765625
2022-03-09,146.17642211914062,73.93904876708984
2022-03-10,150.1765594482422,76.23430633544922
2022-03-11,150.24685668945312,75.8413314819336
2022-03-14,146.57200622558594,73.12633514404297
2022-03-15,139.15199279785156,68.96453857421875
2022-03-16,138.65089416503906,68.70553588867188
2022-03-17,141.05096435546875,70.53636932373047
2022-03-18,142.18504333496094,70.2594985961914
2022-03-21,144.74339294433594,73.4121322631836
2022-03-22,144.25985717773438,73.0905990600586
2022-03-23,145.8159637451172,74.24268341064453
2022-03-24,146.20278930664062,74.46598052978516
2022-03-25,148.84901428222656,76.09139251708984
2022-03-28,146.2467498779297,73.95690155029297
2022-03-29,144.46205139160156,73.56394958496094
2022-03-30,145.4818572998047,74.82319641113281
2022-03-31,143.15213012695312,73.76042175292969
2022-04-01,144.37416076660156,74.23377227783203
2022-04-04,144.5060272216797,74.2695083618164
2022-04-05,143.6180877685547,73.88545989990234
2022-04-06,144.892822265625,74.70711517333984
2022-04-07,146.9060821533203,75.95743560791016
2022-04-08,149.39407348632812,77.55606079101562
2022-04-11,145.5522003173828,74.88573455810547
2022-04-12,148.5852813720703,76.44863891601562
2022-04-13,150.923828125,77.5292739868164
2022-04-14,150.85348510742188,78.44023132324219
2022-04-18,152.87551879882812,79.08325958251953
2022-04-19,151.06448364257812,78.37770080566406
2022-04-20,151.6798858642578,78.55632781982422
2022-04-21,144.69064331054688,77.72574615478516
2022-04-22,141.49932861328125,76.02887725830078
2022-04-25,138.4574432373047,73.4657211303711
2022-04-26,137.6134796142578,73.49249267578125
2022-04-27,137.35853576660156,75.59127044677734
2022-04-28,142.23780822753906,77.87757873535156
2022-04-29,137.73654174804688,76.13604736328125
2022-05-02,140.44436645507812,77.17205047607422
2022-05-03,142.85321044921875,78.76173400878906
2022-05-04,147.3368682861328,81.89649200439453
2022-05-05,146.16761779785156,80.65509796142578
2022-05-06,150.06224060058594,81.88755798339844
2022-05-09,140.0047607421875,75.43051147460938
2022-05-10,141.34986877441406,75.9306411743164
2022-05-11,143.44224548339844,77.51140594482422
2022-05-12,144.804931640625,77.86328887939453
2022-05-13,147.58303833007812,80.17301940917969
2022-05-16,152.10186767578125,82.05870056152344
2022-05-17,152.9986114501953,83.10530853271484
2022-05-18,148.96556091308594,81.78804016113281
2022-05-19,147.90188598632812,82.23013305664062
2022-05-20,148.75283813476562,82.87975311279297
2022-05-23,152.20973205566406,84.71128845214844
2022-05-24,153.0252227783203,85.17143249511719
2022-05-25,155.48048400878906,86.88568115234375
2022-05-26,156.52638244628906,87.19243621826172
2022-05-27,158.02439880371094,88.04957580566406
2022-05-31,154.81568908691406,86.61500549316406
2022-06-01,156.287109375,88.27513122558594
2022-06-02,156.0034637451172,88.12174224853516
2022-06-03,157.42166137695312,89.4029312133789
2022-06-06,156.7391357421875,89.17735290527344
2022-06-07,159.7262725830078,93.26453399658203
2022-06-08,160.5506134033203,94.36524963378906
2022-06-09,157.35076904296875,92.3261947631836
2022-06-10,155.47161865234375,90.63899993896484
2022-06-13,148.3185272216797,86.47966766357422
2022-06-14,148.51351928710938,86.70523834228516
2022-06-15,145.59732055664062,85.613525390625
2022-06-16,137.8148651123047,82.45569610595703
2022-06-17,131.52154541015625,77.70088195800781
2022-06-21,137.02598571777344,82.53689575195312
2022-06-22,131.06948852539062,79.27078247070312
2022-06-23,126.24757385253906,76.87985229492188
2022-06-24,128.32171630859375,78.40464782714844
2022-06-27,130.8035888671875,80.32640075683594
2022-06-28,132.90431213378906,82.55491638183594
2022-06-29,130.2805938720703,79.50537109375
2022-06-30,128.3305206298828,77.26780700683594
2022-07-01,129.86402893066406,78.99109649658203
2022-07-05,126.4514389038086,76.51895141601562
2022-07-06,124.78504180908203,75.13853454589844
2022-07-07,127.2137222290039,77.53848266601562
2022-07-08,126.54893493652344,77.66481018066406
2022-07-11,125.4321060180664,77.26780700683594
2022-07-12,123.13636779785156,76.23926544189453
2022-07-13,122.3120346069336,76.5459976196289
2022-07-14,120.49495697021484,75.01221466064453
2022-07-15,122.01063537597656,76.27535247802734
2022-07-18,123.72138977050781,77.6828384399414
2022-07-19,128.1798858642578,79.64067840576172
2022-07-20,129.87289428710938,80.51587677001953
2022-07-21,128.88014221191406,79.1715316772461
2022-07-22,127.8075942993164,78.5670394897461
2022-07-25,131.6101837158203,81.18352508544922
2022-07-26,130.58201599121094,80.86773681640625
2022-07-27,132.30154418945312,82.61807250976562
2022-07-28,133.3031768798828,83.5834732055664
2022-07-29,145.17184448242188,87.45409393310547
2022-08-01,142.27333068847656,85.24362182617188
2022-08-02,141.0590362548828,84.87369537353516
2022-08-03,137.70849609375,82.1218490600586
2022-08-04,133.96795654296875,78.66629028320312
2022-08-05,136.1839141845703,79.80310821533203
2022-08-08,135.9800567626953,80.25422668457031
2022-08-09,137.7528533935547,81.73388671875
2022-08-10,138.1162567138672,82.50982666015625
2022-08-11,141.48448181152344,84.89665222167969
2022-08-12,141.6883544921875,85.63456726074219
2022-08-15,138.99375915527344,84.10408782958984
2022-08-16,138.6392059326172,83.32061767578125
2022-08-17,139.7826385498047,83.9947509765625
2022-08-18,142.23338317871094,85.98075866699219
2022-08-19,141.04379272460938,85.70745086669922
2022-08-22,140.33718872070312,85.6436767578125
2022-08-23,144.88987731933594,89.27859497070312
2022-08-24,145.9632110595703,89.8069839477539
2022-08-25,147.2422332763672,90.27159118652344
2022-08-26,146.1599578857422,89.16015625
2022-08-29,147.2511749267578,91.20993041992188
2022-08-30,143.66445922851562,87.73899841308594
2022-08-31,141.37474060058594,87.08306884765625
2022-09-01,139.12074279785156,85.51614379882812
2022-09-02,141.1869354248047,87.08306884765625
2022-09-06,140.53395080566406,86.50001525878906
2022-09-07,138.73614501953125,85.76211547851562
2022-09-08,139.48748779296875,86.46358489990234
2022-09-09,143.0830841064453,87.9120864868164
2022-09-12,145.3460235595703,88.92329406738281
2022-09-13,142.5822296142578,86.84620666503906
2022-09-14,146.03475952148438,88.97798156738281
2022-09-15,143.66445922851562,86.39071655273438
2022-09-16,139.9346923828125,84.91487884521484
2022-09-19,140.33718872070312,84.90576171875
2022-09-20,139.7826385498047,84.2134017944336
2022-09-21,138.6466827392578,82.85598754882812
2022-09-22,138.5393829345703,82.50982666015625
2022-09-23,129.4876708984375,78.11875915527344
2022-09-26,126.07986450195312,76.50630187988281
2022-09-27,126.13351440429688,78.10965728759766
2022-09-28,130.39105224609375,80.9520034790039
2022-09-29,129.4876708984375,80.78801727294922
2022-09-30,128.50376892089844,79.5399398803711
2022-10-03,135.7129364013672,83.73966979980469
2022-10-04,140.9901123046875,86.79154968261719
2022-10-05,141.7951202392578,90.29893493652344
2022-10-06,144.3800506591797,92.97728729248047
2022-10-07,143.1367645263672,92.03895568847656
2022-10-10,140.5518341064453,90.0438461303711
2022-10-11,140.57867431640625,89.27859497070312
2022-10-12,140.99908447265625,89.67031860351562
2022-10-13,147.83258056640625,92.80420684814453
2022-10-14,143.23513793945312,90.36270141601562
2022-10-17,144.2816619873047,91.6654281616211
2022-10-18,145.54283142089844,91.82942199707031
2022-10-19,150.2654571533203,94.55332946777344
2022-10-20,151.12413024902344,94.68087005615234
2022-10-21,154.9075469970703,96.4391098022461
2022-10-24,154.85389709472656,97.11324310302734
2022-10-25,156.46388244628906,96.45732879638672
2022-10-26,158.39588928222656,97.6052017211914
2022-10-27,159.12037658691406,97.97872161865234
2022-10-28,160.9807891845703,100.8483657836914
2022-10-31,161.8036651611328,100.9485855102539
2022-11-01,162.98434448242188,101.95069122314453
2022-11-02,159.65704345703125,99.85538482666016
2022-11-03,162.00941467285156,101.21278381347656
2022-11-04,164.0576629638672,102.31509399414062
2022-11-07,166.01649475097656,103.52672576904297
2022-11-08,165.7749786376953,103.85469818115234
2022-11-09,159.1471710205078,99.20856475830078
2022-11-10,162.16143798828125,100.66617584228516
2022-11-11,166.77674865722656,103.80913543701172
2022-11-14,166.8572540283203,104.11219787597656
2022-11-15,168.1988983154297,104.81011962890625
2022-11-16,165.4619140625,103.68975830078125
2022-11-17,165.93060302734375,103.82749938964844
2022-11-18,164.93914794921875,102.92754364013672
2022-11-21,163.3617401123047,101.90818786621094
2022-11-22,167.5530548095703,104.8560562133789
2022-11-23,166.06585693359375,104.33258819580078
2022-11-25,165.5791015625,103.96526336669922
2022-11-28,160.76583862304688,100.84290313720703
2022-11-29,163.17247009277344,101.51329040527344
2022-11-30,165.22756958007812,102.24796295166016
2022-12-01,164.48846435546875,101.75205993652344
2022-12-02,163.17247009277344,100.88883209228516
2022-12-05,159.14341735839844,98.12462615966797
2022-12-06,155.04226684570312,95.39713287353516
2022-12-07,155.50196838378906,95.1859359741211
2022-12-08,156.42132568359375,95.8930435180664
2022-12-09,151.42784118652344,95.08489990234375
2022-12-12,153.0051727294922,97.42668151855469
2022-12-13,156.4123077392578,98.49195861816406
2022-12-14,155.3306884765625,97.7664566040039
2022-12-15,154.1679229736328,96.82976531982422
2022-12-16,152.0767822265625,96.15017700195312
2022-12-19,153.1223602294922,96.58179473876953
2022-12-20,155.6371307373047,97.97769165039062
2022-12-21,157.4668731689453,99.23580932617188
2022-12-22,155.10536193847656,97.23383331298828
2022-12-23,159.9005584716797,99.80517578125
2022-12-27,161.91058349609375,101.1918716430664
2022-12-28,159.52195739746094,99.52967071533203
2022-12-29,160.72979736328125,100.28271484375
2022-12-30,161.78439331054688,101.29289245605469
2023-01-03,156.82693481445312,97.8124008178711
2023-01-04,155.159423828125,98.09707641601562
2023-01-05,157.95362854003906,100.29190063476562
2023-01-06,159.14341735839844,101.50410461425781
2023-01-09,157.89955139160156,99.6123275756836
2023-01-10,158.67469787597656,101.10003662109375
2023-01-11,157.91757202148438,102.27550506591797
2023-01-12,159.61212158203125,103.97444152832031
2023-01-13,160.04476928710938,103.91017150878906
2023-01-17,162.6857452392578,103.70812225341797
2023-01-18,159.747314453125,101.57757568359375
2023-01-19,161.34271240234375,102.22959899902344
2023-01-20,163.0552978515625,104.09381866455078
2023-01-23,162.8389892578125,103.55200958251953
2023-01-24,162.99220275878906,104.51627349853516
2023-01-25,161.4148406982422,103.96526336669922
2023-01-26,169.265625,108.14370727539062
2023-01-27,161.74832153320312,106.16928100585938
2023-01-30,157.0161895751953,104.28667449951172
2023-01-31,156.85397338867188,106.53661346435547
2023-02-01,154.45635986328125,105.37032318115234
2023-02-02,152.33816528320312,102.07349395751953
2023-02-03,152.7347869873047,102.78059387207031
2023-02-06,152.90603637695312,102.60611724853516
2023-02-07,156.91708374023438,105.53561401367188
2023-02-08,153.2305145263672,104.6172866821289
2023-02-09,151.82440185546875,105.01216888427734
2023-02-10,155.00619506835938,109.43856048583984
2023-02-13,154.140869140625,109.01288604736328
2023-02-14,155.3217010498047,107.73580932617188
2023-02-15,153.6848907470703,107.41192626953125
2023-02-16,151.4661407470703,107.0972900390625
2023-02-17,148.0834503173828,102.97923278808594
2023-02-21,146.4011993408203,102.87742614746094
2023-02-22,145.8101348876953,101.54484558105469
2023-02-23,147.24688720703125,102.47952270507812
2023-02-24,147.68336486816406,102.48876190185547
2023-02-27,148.05618286132812,102.30368041992188
2023-02-28,146.1920623779297,101.71142578125
2023-03-01,147.35597229003906,102.61832427978516
2023-03-02,147.8197479248047,103.09027862548828
2023-03-03,150.00210571289062,104.39509582519531
2023-03-06,151.10240173339844,105.32050323486328
2023-03-07,149.1564483642578,103.28461456298828
2023-03-08,148.21075439453125,101.77619934082031
2023-03-09,145.9556121826172,100.9896011352539
2023-03-10,145.1917724609375,99.74030303955078
2023-03-13,144.31883239746094,98.59280395507812
2023-03-14,146.18295288085938,98.96296691894531
2023-03-15,139.8540802001953,94.03981018066406
2023-03-16,140.29965209960938,93.49382019042969
2023-03-17,138.52647399902344,92.39258575439453
2023-03-20,140.56333923339844,94.8078842163086
2023-03-21,144.8644256591797,99.05550384521484
2023-03-22,141.91824340820312,96.78826141357422
2023-03-23,140.50877380371094,95.69628143310547
2023-03-24,141.9091339111328,95.80734252929688
2023-03-27,143.3549346923828,97.90799713134766
2023-03-28,145.02813720703125,99.12953186035156
2023-03-29,146.27386474609375,100.832275390625
2023-03-30,147.66514587402344,101.32274627685547
2023-03-31,148.36534118652344,101.4800796508789
2023-04-03,154.53964233398438,107.46745300292969
2023-04-04,153.71217346191406,106.44023895263672
2023-04-05,154.47601318359375,108.26329803466797
2023-04-06,152.44821166992188,106.46802520751953
2023-04-10,153.03016662597656,105.99605560302734
2023-04-11,153.8758544921875,106.74562072753906
2023-04-12,154.42144775390625,106.63459014892578
2023-04-13,156.485595703125,107.13431549072266
2023-04-14,156.80386352539062,107.39342498779297
2023-04-17,155.4217071533203,106.14410400390625
2023-04-18,155.05795288085938,108.21702575683594
2023-04-19,155.2034454345703,107.87462615966797
2023-04-20,154.44873046875,107.01399993896484
2023-04-21,153.78489685058594,107.35639953613281
2023-04-24,155.93092346191406,109.3830337524414
2023-04-25,153.66668701171875,107.82835388183594
2023-04-26,150.92962646484375,106.83816528320312
2023-04-27,151.8116912841797,108.115234375
2023-04-28,153.29388427734375,109.51258850097656
2023-05-01,152.07537841796875,106.11634063720703
2023-05-02,145.52825927734375,101.88723754882812
2023-05-03,142.60931396484375,99.87911224365234
2023-05-04,142.05462646484375,98.1301040649414
2023-05-05,145.68283081054688,100.57317352294922
2023-05-08,145.10995483398438,100.9710922241211
2023-05-09,144.691650390625,100.99886322021484
2023-05-10,142.84571838378906,99.70330047607422
2023-05-11,142.05462646484375,97.89874267578125
2023-05-12,142.41836547851562,97.88949584960938
2023-05-15,142.94577026367188,98.076171875
2023-05-16,139.59033203125,95.69590759277344
2023-05-17,141.5908966064453,97.84281921386719
2023-05-18,141.4163818359375,98.72958374023438
2023-05-19,142.53665161132812,99.18698120117188
2023-05-22,139.9747772216797,97.98284149169922
2023-05-23,144.024169921875,99.3176498413086
2023-05-24,144.40982055664062,100.4284439086914
2023-05-25,141.92144775390625,98.62690734863281
2023-05-26,141.48069763183594,97.98284149169922
2023-05-30,140.59918212890625,97.11473846435547
2023-05-31,138.30360412597656,95.3785400390625
2023-06-01,139.71768188476562,96.4800033569336
2023-06-02,143.48240661621094,98.72025299072266
2023-06-05,142.7937469482422,98.28153228759766
2023-06-06,143.05084228515625,99.08428955078125
2023-06-07,146.760498046875,101.3058853149414
2023-06-08,146.21875,100.98849487304688
2023-06-09,145.8697967529297,100.24175262451172
2023-06-12,144.4649658203125,99.33631134033203
2023-06-13,145.54844665527344,99.35498809814453
2023-06-14,144.24452209472656,98.16018676757812
2023-06-15,145.33721923828125,98.84159851074219
2023-06-16,144.40061950683594,98.13219451904297
2023-06-20,141.11338806152344,95.88259887695312
2023-06-21,142.2152862548828,96.95606231689453
2023-06-22,140.15843200683594,96.42398834228516
2023-06-23,138.97393798828125,95.58390808105469
2023-06-26,141.4163818359375,97.34809112548828
2023-06-27,140.9756622314453,97.59078979492188
2023-06-28,142.25198364257812,98.38420867919922
2023-06-29,143.46408081054688,99.59767150878906
2023-06-30,144.4832763671875,100.11107635498047
2023-07-03,144.35475158691406,100.30708312988281
2023-07-05,143.52833557128906,99.79371643066406
2023-07-06,140.3788299560547,96.06928253173828
2023-07-07,141.60922241210938,96.29332733154297
2023-07-10,142.55502319335938,97.72147369384766
2023-07-11,145.19033813476562,98.91626739501953
2023-07-12,146.5860595703125,99.40165710449219
2023-07-13,144.6302032470703,97.58145904541016
2023-07-14,141.02154541015625,94.2210922241211
2023-07-17,140.89300537109375,94.63179779052734
2023-07-18,141.1776885986328,94.2024154663086
2023-07-19,142.04080200195312,94.8558349609375
2023-07-20,143.6109619140625,96.52667236328125
2023-07-21,145.71372985839844,96.9747314453125
2023-07-24,148.58778381347656,98.49623107910156
2023-07-25,149.26727294921875,98.64557647705078
2023-07-26,148.14703369140625,98.09484100341797
2023-07-27,146.60440063476562,98.40287017822266
2023-07-28,145.8789825439453,97.22673797607422
2023-07-31,150.27731323242188,100.10174560546875
2023-08-01,149.02854919433594,99.52301025390625
2023-08-02,146.66868591308594,98.28153228759766
2023-08-03,146.6135711669922,99.9897232055664
2023-08-04,146.2830047607422,100.2697525024414
2023-08-07,146.8155975341797,100.06438446044922
2023-08-08,146.59518432617188,100.55912017822266
2023-08-09,146.78805541992188,102.2673110961914
2023-08-10,147.67874145507812,102.79003143310547
2023-08-11,150.7272186279297,104.38619995117188
2023-08-14,150.6170654296875,104.47021484375
2023-08-15,146.21875,101.78812408447266
2023-08-16,145.65863037109375,100.07533264160156
2023-08-17,148.09677124023438,102.01397705078125
2023-08-18,149.1628875732422,103.55735778808594
2023-08-21,148.66224670410156,102.30571746826172
2023-08-22,147.43856811523438,101.73165130615234
2023-08-23,147.63323974609375,100.8376235961914
2023-08-24,146.4188232421875,100.0847396850586
2023-08-25,147.51272583007812,101.87281799316406
2023-08-28,148.52322387695312,102.72920227050781
2023-08-29,148.29144287109375,103.34091186523438
2023-08-30,148.49539184570312,104.34786224365234
2023-08-31,149.34829711914062,104.63961029052734
2023-09-01,152.3148651123047,106.83235168457031
2023-09-05,154.31732177734375,106.84175872802734
2023-09-06,154.47491455078125,107.76403045654297
2023-09-07,154.4841766357422,107.23700714111328
2023-09-08,155.01258850097656,108.79923248291016
2023-09-11,151.81427001953125,107.43463897705078
2023-09-12,154.6417694091797,110.56846618652344
2023-09-13,154.0762481689453,109.58033752441406
2023-09-14,155.0311279296875,111.53778076171875
2023-09-15,154.35438537597656,109.82501220703125
2023-09-18,155.02186584472656,110.70964050292969
2023-09-19,155.0033416748047,110.41790008544922
2023-09-20,154.530517578125,109.54267883300781
2023-09-21,153.1399383544922,107.99930572509766
2023-09-22,154.1504364013672,108.16869354248047
2023-09-25,156.4031524658203,109.38270568847656
2023-09-26,155.55955505371094,109.55209350585938
2023-09-27,158.56321716308594,113.11881256103516
2023-09-28,158.1460418701172,112.43183135986328
2023-09-29,156.3197021484375,110.65316009521484
2023-10-02,154.39146423339844,108.81803894042969
2023-10-03,154.75302124023438,109.00626373291016
2023-10-04,151.1467742919922,104.93134307861328
2023-10-05,151.9440460205078,102.56922912597656
2023-10-06,150.39584350585938,100.85643768310547
2023-10-09,154.55833435058594,104.38551330566406
2023-10-10,154.39146423339844,103.94319915771484
2023-10-11,149.34829711914062,100.21649169921875
2023-10-12,149.4687957763672,100.19766998291016
2023-10-13,152.0923614501953,103.39737701416016
2023-10-16,153.33462524414062,103.47264862060547
2023-10-17,155.3648681640625,104.82782745361328
2023-10-18,156.5978546142578,106.29592895507812
2023-10-19,156.76473999023438,106.36180877685547
2023-10-20,154.66030883789062,104.53609466552734
2023-10-23,148.95892333984375,103.00211334228516
2023-10-24,145.222900390625,102.00456237792969
2023-10-25,144.4998016357422,102.19277954101562
2023-10-26,143.46151733398438,101.26110076904297
2023-10-27,133.8201446533203,99.33187866210938
2023-10-30,135.4332275390625,99.64242553710938
2023-10-31,135.09945678710938,99.61420440673828
2023-11-01,133.4771270751953,99.41657257080078
2023-11-02,137.908447265625,102.68214416503906
2023-11-03,136.84234619140625,101.43050384521484
2023-11-06,136.27684020996094,99.63301849365234
2023-11-07,133.8757781982422,98.07081604003906
2023-11-08,132.0124053955078,96.86621856689453
2023-11-09,131.58595275878906,96.89444732666016
2023-11-10,132.52227783203125,97.6379165649414
2023-11-13,133.49566650390625,98.66370391845703
2023-11-14,134.46910095214844,99.04358673095703
2023-11-15,134.94189453125,98.44527435302734
2023-11-16,132.80606079101562,97.3056411743164
2023-11-17,135.3259735107422,99.67986297607422
2023-11-20,135.25100708007812,99.24301147460938
2023-11-21,134.93252563476562,99.20502471923828
2023-11-22,135.2041778564453,98.77767181396484
2023-11-24,135.73812866210938,99.30949401855469
2023-11-27,135.2322998046875,98.73017120361328
2023-11-28,136.3095703125,98.6731948852539
2023-11-29,134.8107452392578,97.19168090820312
2023-11-30,134.5203399658203,97.5715560913086
2023-12-01,135.65382385253906,97.80899047851562
2023-12-04,135.7100372314453,97.27715301513672
2023-12-05,133.82713317871094,95.38726043701172
2023-12-06,133.5179901123047,94.12417602539062
2023-12-07,133.4149627685547,93.46887969970703
2023-12-08,135.18544006347656,94.54203796386719
2023-12-11,135.22291564941406,94.60851287841797
2023-12-12,133.48988342285156,93.11749267578125
2023-12-13,135.46649169921875,93.9437255859375
2023-12-14,140.45008850097656,96.46991729736328
2023-12-15,139.9067840576172,95.82412719726562
2023-12-18,140.2158966064453,96.53639221191406
2023-12-19,142.05197143554688,97.80899047851562
2023-12-20,140.74986267089844,96.17549896240234
2023-12-21,141.18080139160156,96.61236572265625
2023-12-22,141.49928283691406,96.78331756591797
2023-12-26,142.77330017089844,97.00173950195312
2023-12-27,142.30490112304688,96.5458755493164
2023-12-28,140.3002166748047,95.14984130859375
2023-12-29,139.72879028320312,94.95040130615234
